{"count":1,"self":4586.7130879999995,"total":73909.1176645,"children":{"InitializeActuators":{"count":40,"self":0.0019947,"total":0.0019947,"children":null},"InitializeSensors":{"count":40,"self":0.0039886,"total":0.0039886,"children":null},"AgentSendState":{"count":6009651,"self":10708.400537599999,"total":13645.6398056,"children":{"CollectObservations":{"count":48077240,"self":275.3264896,"total":275.32648359999996,"children":null},"WriteActionMask":{"count":48077240,"self":18.335110399999998,"total":18.3351096,"children":null},"RequestDecision":{"count":48077240,"self":110.749184,"total":2643.5778114,"children":{"AgentInfo.ToProto":{"count":48077240,"self":90.5389632,"total":2532.8286245,"children":{"GenerateSensorData":{"count":48077240,"self":1893.1656704,"total":2442.2896594999997,"children":{"RayPerceptionSensor.Perceive":{"count":192308960,"self":549.1240448,"total":549.1240465,"children":null}}}}}}}}},"DecideAction":{"count":6009651,"self":53855.944703999994,"total":53855.94386,"children":null},"AgentAct":{"count":6009651,"self":1819.4247679999999,"total":1820.8139216,"children":{"AgentInfo.ToProto":{"count":24000,"self":0.051363,"total":1.3891122999999999,"children":{"GenerateSensorData":{"count":24000,"self":1.0658855,"total":1.3377493,"children":{"RayPerceptionSensor.Perceive":{"count":96000,"self":0.2718638,"total":0.2718638,"children":null}}}}}}}},"gauges":{"CollectDisruptorAgent.CumulativeReward":{"count":12000,"max":40.463974,"min":-27.72076,"runningAverage":-2.25827932,"value":-1.965,"weightedAverage":-2.60853767},"CollectCollectorAgent.CumulativeReward":{"count":12000,"max":27.72076,"min":-40.463974,"runningAverage":2.25828075,"value":1.965,"weightedAverage":2.60853767}},"metadata":{"timer_format_version":"0.1.0","start_time_seconds":"1648207661","unity_version":"2020.3.15f2","command_line_arguments":"C:\\Program Files\\Unity\\Hub\\Editor\\2020.3.15f2\\Editor\\Unity.exe -projectpath G:\/Kasetsart\/SeniorProject\/csproject -useHub -hubIPC -cloudEnvironment production -hubSessionId c7382ce0-ab9f-11ec-be2f-8b7b98aff09c -accessToken AkFMNcfzwPhTvqZvFmbwu7BogNnH3g1IcfFbHSf0xrI011f","communication_protocol_version":"1.5.0","com.unity.ml-agents_version":"2.1.0-exp.1","scene_name":"CollectItemTraining","end_time_seconds":"1648281570"}}