{"count":1,"self":3583.963136,"total":45243.4026491,"children":{"InitializeActuators":{"count":40,"self":0.0019936,"total":0.0019936,"children":null},"InitializeSensors":{"count":40,"self":0.0089771,"total":0.0089771,"children":null},"AgentSendState":{"count":4114751,"self":8681.399091199999,"total":10716.5971285,"children":{"CollectObservations":{"count":32918520,"self":190.55962879999998,"total":190.55963119999998,"children":null},"WriteActionMask":{"count":32918520,"self":12.426692,"total":12.4266917,"children":null},"RequestDecision":{"count":32918520,"self":72.7957632,"total":1832.2118389999998,"children":{"AgentInfo.ToProto":{"count":32918520,"self":65.6907904,"total":1759.4160769,"children":{"GenerateSensorData":{"count":32918520,"self":1323.2523264,"total":1693.7252875,"children":{"RayPerceptionSensor.Perceive":{"count":131674080,"self":370.4729344,"total":370.4729399,"children":null}}}}}}}}},"DecideAction":{"count":4114751,"self":29897.2053504,"total":29897.205906699997,"children":null},"AgentAct":{"count":4114751,"self":1044.7214592,"total":1045.624507,"children":{"AgentInfo.ToProto":{"count":16400,"self":0.0448241,"total":0.90307629999999994,"children":{"GenerateSensorData":{"count":16400,"self":0.685901,"total":0.85825219999999991,"children":{"RayPerceptionSensor.Perceive":{"count":65600,"self":0.17235119999999998,"total":0.17235119999999998,"children":null}}}}}}}},"gauges":{"CollectDisruptorAgent.CumulativeReward":{"count":8200,"max":98.38258,"min":-0.00500000035,"runningAverage":31.5672836,"value":43.3906631,"weightedAverage":48.6477165},"CollectCollectorAgent.CumulativeReward":{"count":8200,"max":32.0020027,"min":-0.0230009556,"runningAverage":1.928543,"value":8.013,"weightedAverage":4.17426872}},"metadata":{"timer_format_version":"0.1.0","start_time_seconds":"1648418400","unity_version":"2020.3.15f2","command_line_arguments":"C:\\Program Files\\Unity\\Hub\\Editor\\2020.3.15f2\\Editor\\Unity.exe -projectpath G:\/Kasetsart\/SeniorProject\/csproject -useHub -hubIPC -cloudEnvironment production -hubSessionId c7382ce0-ab9f-11ec-be2f-8b7b98aff09c -accessToken AkFMNcfzwPhTvqZvFmbwu7BogNnH3g1IcfFbHSf0xrI011f","communication_protocol_version":"1.5.0","com.unity.ml-agents_version":"2.1.0-exp.1","scene_name":"CollectItemTraining","end_time_seconds":"1648463643"}}