{"count":1,"self":2244.4720128,"total":24699.143262499998,"children":{"InitializeActuators":{"count":20,"self":0.0009975,"total":0.0009975,"children":null},"InitializeSensors":{"count":20,"self":0.0029923999999999997,"total":0.0029923999999999997,"children":null},"AgentSendState":{"count":3246334,"self":3039.3997311999997,"total":3837.0590512,"children":{"CollectObservations":{"count":12985540,"self":78.716256,"total":78.7162573,"children":null},"WriteActionMask":{"count":12985540,"self":5.6473296,"total":5.6473296,"children":null},"RequestDecision":{"count":12985540,"self":30.1249504,"total":713.295719,"children":{"AgentInfo.ToProto":{"count":12985540,"self":26.7231056,"total":683.17076709999992,"children":{"GenerateSensorData":{"count":12985540,"self":506.5812992,"total":656.4476615,"children":{"RayPerceptionSensor.Perceive":{"count":51942160,"self":149.8663808,"total":149.86638209999998,"children":null}}}}}}}}},"DecideAction":{"count":3246334,"self":18057.0701824,"total":18057.0705221,"children":null},"AgentAct":{"count":3246334,"self":559.57191679999994,"total":559.845688,"children":{"AgentInfo.ToProto":{"count":4299,"self":0.016074599999999998,"total":0.27374919999999997,"children":{"GenerateSensorData":{"count":4299,"self":0.2275722,"total":0.2576746,"children":{"RayPerceptionSensor.Perceive":{"count":17196,"self":0.030102399999999998,"total":0.030102399999999998,"children":null}}}}}}},"AgentInfo.ToProto":{"count":8543,"self":0.049085899999999995,"total":0.69106289999999992,"children":{"GenerateSensorData":{"count":8543,"self":0.5247619,"total":0.641977,"children":{"RayPerceptionSensor.Perceive":{"count":34172,"self":0.11721509999999999,"total":0.11721509999999999,"children":null}}}}}},"gauges":{"CollectCollectorAgent.CumulativeReward":{"count":12842,"max":16,"min":-2,"runningAverage":3.22886014,"value":13,"weightedAverage":12.9375057}},"metadata":{"timer_format_version":"0.1.0","start_time_seconds":"1648556930","unity_version":"2020.3.15f2","command_line_arguments":"C:\\Program Files\\Unity\\Hub\\Editor\\2020.3.15f2\\Editor\\Unity.exe -projectpath G:\/Kasetsart\/SeniorProject\/csproject -useHub -hubIPC -cloudEnvironment production -hubSessionId 960f4780-aeff-11ec-8e2b-479bb955b111 -accessToken swPksizNL8_grUNa0JTnD9M18f4k3uJEGJyOpvYT_XY011f","communication_protocol_version":"1.5.0","com.unity.ml-agents_version":"2.1.0-exp.1","scene_name":"CollectItemTraining","end_time_seconds":"1648581629"}}