{"count":1,"self":2911.5930624,"total":22896.75321,"children":{"InitializeActuators":{"count":20,"self":0.0010011,"total":0.0010011,"children":null},"InitializeSensors":{"count":20,"self":0.0029942,"total":0.0029942,"children":null},"AgentSendState":{"count":5286684,"self":2180.8478207999997,"total":2964.0138124,"children":{"CollectObservations":{"count":21146740,"self":99.6772032,"total":99.6772003,"children":null},"WriteActionMask":{"count":21146740,"self":7.1970024,"total":7.1970027,"children":null},"RequestDecision":{"count":21146740,"self":35.599139199999996,"total":676.29170779999993,"children":{"AgentInfo.ToProto":{"count":21146740,"self":36.170704,"total":640.69256969999992,"children":{"GenerateSensorData":{"count":21146740,"self":493.66533119999997,"total":604.5218662,"children":{"RayPerceptionSensor.Perceive":{"count":42293480,"self":110.85655039999999,"total":110.85655299999999,"children":null}}}}}}}}},"DecideAction":{"count":5286684,"self":16084.8101376,"total":16084.8095115,"children":null},"AgentAct":{"count":5286684,"self":936.22650879999992,"total":936.315967,"children":{"AgentInfo.ToProto":{"count":1996,"self":0.0089734999999999988,"total":0.0894229,"children":{"GenerateSensorData":{"count":1996,"self":0.07438779999999999,"total":0.08044939999999999,"children":{"RayPerceptionSensor.Perceive":{"count":3992,"self":0.0060615999999999995,"total":0.0060615999999999995,"children":null}}}}}}},"AgentInfo.ToProto":{"count":488,"self":0.0009973,"total":0.0148869,"children":{"GenerateSensorData":{"count":488,"self":0.011893599999999999,"total":0.0138896,"children":{"RayPerceptionSensor.Perceive":{"count":976,"self":0.001996,"total":0.001996,"children":null}}}}}},"gauges":{"CollectAgent.CumulativeReward":{"count":2484,"max":1,"min":-1,"runningAverage":-0.175120845,"value":0,"weightedAverage":-0.1236807}},"metadata":{"timer_format_version":"0.1.0","start_time_seconds":"1641699159","unity_version":"2020.3.15f2","command_line_arguments":"C:\\Program Files\\Unity\\Hub\\Editor\\2020.3.15f2\\Editor\\Unity.exe -projectpath G:\/Kasetsart\/SeniorProject\/csproject -useHub -hubIPC -cloudEnvironment production -hubSessionId d3fac450-70ae-11ec-9459-5938e20a63c1 -accessToken svzc-_J_s_qfEecmvOJuGhe4iZtBoHZIgBozo8tbpvE011f","communication_protocol_version":"1.5.0","com.unity.ml-agents_version":"2.1.0-exp.1","scene_name":"CollectItemTraining","end_time_seconds":"1641722056"}}