{"count":1,"self":205.3933184,"total":2002.563439,"children":{"InitializeActuators":{"count":20,"self":0.000998,"total":0.000998,"children":null},"InitializeSensors":{"count":20,"self":0.0029931999999999997,"total":0.0029931999999999997,"children":null},"AgentSendState":{"count":248317,"self":108.94588159999999,"total":156.5911786,"children":{"CollectObservations":{"count":993280,"self":6.5023079999999993,"total":6.5023079999999993,"children":null},"WriteActionMask":{"count":993280,"self":0.5011219,"total":0.5011219,"children":null},"RequestDecision":{"count":993280,"self":2.39735,"total":40.6418689,"children":{"AgentInfo.ToProto":{"count":993280,"self":2.3750484,"total":38.244518899999996,"children":{"GenerateSensorData":{"count":993280,"self":30.034623999999997,"total":35.8694706,"children":{"RayPerceptionSensor.Perceive":{"count":1986560,"self":5.8348455999999995,"total":5.8348458,"children":null}}}}}}}}},"DecideAction":{"count":248317,"self":1583.3123839999998,"total":1583.3123659,"children":null},"AgentAct":{"count":248317,"self":57.1347136,"total":57.1436627,"children":{"AgentInfo.ToProto":{"count":175,"self":0.0019936,"total":0.0089477999999999988,"children":{"GenerateSensorData":{"count":175,"self":0.0049884,"total":0.0069542,"children":{"RayPerceptionSensor.Perceive":{"count":350,"self":0.0019657999999999998,"total":0.0019657999999999998,"children":null}}}}}}},"AgentInfo.ToProto":{"count":2149,"self":0.014984899999999999,"total":0.1179243,"children":{"GenerateSensorData":{"count":2149,"self":0.0879537,"total":0.1029394,"children":{"RayPerceptionSensor.Perceive":{"count":4298,"self":0.0149857,"total":0.0149857,"children":null}}}}}},"gauges":{"CollectAgent.CumulativeReward":{"count":2324,"max":13,"min":-1,"runningAverage":11.1092873,"value":13,"weightedAverage":12.9967384}},"metadata":{"timer_format_version":"0.1.0","start_time_seconds":"1641887381","unity_version":"2020.3.15f2","command_line_arguments":"C:\\Program Files\\Unity\\Hub\\Editor\\2020.3.15f2\\Editor\\Unity.exe -projectpath G:\/Kasetsart\/SeniorProject\/csproject -useHub -hubIPC -cloudEnvironment production -hubSessionId d3fac450-70ae-11ec-9459-5938e20a63c1 -accessToken CCvyZP7M5-aLcWY2yvx6fqkzNlz_-2SMdwl7Crqu04c011f","communication_protocol_version":"1.5.0","com.unity.ml-agents_version":"2.1.0-exp.1","scene_name":"CollectItemTraining","end_time_seconds":"1641889384"}}